titulo,precio,ano,kilometraje
Chevrolet Tracker,4660056,2013,184171 Km
Kia Sorento,5827790,2016,171740 Km
Chevrolet Silverado,10436160,2018,116856 Km
Chevrolet Tracker,16840408,2025,12105 Km
CHEVROLET SAIL,15258284,2022,57880 Km
Chevrolet Silverado,2500000,2011,186.180 kms
Nissan Versa,8094655,2025,14063 Km
Toyota Yaris,$ 8.162.954,2018,No disponible
Hyundai i30,8359714,2021,65620 Km
Kia Sorento,$ 7.221.913,2018,136296 Km
SUZUKI GRAND VITARA,13912977,No disponible,16237 Km
KIA RIO,$ 5.945.275,2014,189.024 kms
Toyota Corolla,11478244,2020,94254 Km
Hyundai Accent,8463974,2016,No disponible
Chevrolet Tracker,$ 3.181.438,2011,181485 Km
CHEVROLET TRACKER,No disponible,2020,No disponible
Suzuki Baleno,6009782,2022,49648 Km
Toyota Hilux,2500000,2010,192.464 kms
Chevrolet Silverado,4138708,2018,130968 Km
Hyundai i30,16875000,2023,48948 Km
Hyundai i30,5054243,2015,No disponible
Hyundai i30,No disponible,2010,200.048 kms
🔥 Chevrolet Onix IMPECABLE 🔥,$ 2.730.876,2011,258570 Km
Toyota Yaris,3392516,2012,No disponible
Chevrolet Onix,2500000,2010,237536 Km
Chevrolet Sail,No disponible,2021,65.215 kms
Hyundai Tucson,8924170,2019,115178 Km
🔥 Nissan Kicks IMPECABLE 🔥,5517306,2019,89460 Km
🔥 Suzuki Baleno IMPECABLE 🔥,No disponible,2023,48600 Km
Hyundai Santa Fe,17692431,2024,34.004 kms
Nissan Kicks,No disponible,2011,236.100 kms
Chevrolet Onix,2775547,2011,228525 Km
Chevrolet Silverado,5476977,2020,86850 Km
Chevrolet Tracker,$ 21.390.869,2025,14222 Km
Kia Morning,10632547,2018,140512 Km
🔥 Suzuki Swift IMPECABLE 🔥,$ 11.756.775,2021,82090 Km
🔥 Suzuki Baleno IMPECABLE 🔥,8986528,2016,133880 Km
Hyundai Tucson,12545849,2020,81.942 kms
🔥 Suzuki S-Cross IMPECABLE 🔥,No disponible,2013,184535 Km
Hyundai i30,10358198,2019,125370 Km
Chevrolet Tracker,5762517,2018,119448 Km
SUZUKI BALENO,2500000,2010,234224 Km
TOYOTA YARIS,15923366,No disponible,35316 Km
NISSAN KICKS,No disponible,2012,190.694 kms
Hyundai Accent,12257634,2020,99480 Km
HYUNDAI I30,4951513,2014,211992 Km
Hyundai Tucson,4903068,2013,184535 Km
Kia Morning,4609793,2018,107480 Km
🔥 Kia Sportage IMPECABLE 🔥,2500000,2010,266.896 kms
Kia Sportage,2500000,2012,247520 Km
Toyota Yaris,2500000,2010,258752 Km
Hyundai i30,15934627,2025,17728 Km
Suzuki Grand Vitara,4244142,2014,190020 Km
Kia Sorento,8251330,2017,153.360 kms
Chevrolet Onix,5437847,2018,122.560 kms
Chevrolet Onix,10129184,2018,100448 Km
Toyota Yaris,8865042,No disponible,52917 Km
SUZUKI S-CROSS,$ 10.847.364,2019,89096 Km
🔥 Suzuki Swift IMPECABLE 🔥,5188507,2016,171.110 kms
CHEVROLET SAIL,4194482,2015,196647 Km
NISSAN SENTRA,No disponible,2013,200967 Km
Kia Rio,2500000,2011,181710 Km
Nissan Versa,$ 7.011.342,2016,121030 Km
TOYOTA COROLLA,19347190,2024,29.182 kms
Hyundai Accent,4533919,2012,171346 Km
Kia Sportage,16965174,2025,14826 Km
KIA RIO,3028225,2013,223041 Km
TOYOTA HILUX,2500000,2010,256576 Km
Chevrolet Onix,2500000,2011,220470 Km
Nissan Sentra,No disponible,2020,85014 Km
Hyundai i30,19447325,2025,14755 Km
Suzuki Swift,$ 4.608.213,2019,92701 Km
Kia Rio,8657629,No disponible,15484 Km
Hyundai Accent,10141360,2019,86527 Km
Kia Rio,7705698,2020,99.546 kms
🔥 Suzuki S-Cross IMPECABLE 🔥,14721649,2022,50.920 kms
Hyundai i30,No disponible,2023,36948 Km
Suzuki Baleno,5123741,2014,207072 Km
Nissan Sentra,9143480,2022,61540 Km
KIA MORNING,$ 2.787.220,2010,193600 Km
Hyundai Santa Fe,12658023,2022,68208 Km
Suzuki S-Cross,2500000,2010,265776 Km
Chevrolet Onix,No disponible,2023,36.831 kms
Kia Rio,5824450,2014,156.852 kms
🔥 Hyundai Accent IMPECABLE 🔥,12885468,No disponible,14850 Km
Nissan Kicks,16857674,2023,52893 Km
NISSAN QASHQAI,2500000,2012,188552 Km
Hyundai Accent,3622894,2018,127472 Km
Toyota RAV4,No disponible,2012,230510 Km
Suzuki Swift,$ 11.766.297,2021,67615 Km
CHEVROLET SAIL,6107245,No disponible,70228 Km
Hyundai Accent,5045244,2013,199888 Km
🔥 Toyota Corolla IMPECABLE 🔥,3412437,2015,189.838 kms
Chevrolet Silverado,11704979,2025,13724 Km
CHEVROLET SAIL,2500000,2011,246660 Km
Kia Sorento,2500000,2012,249.312 kms
Kia Sportage,$ 5.460.500,2019,86793 Km
Nissan Sentra,No disponible,2025,12927 Km
Chevrolet Silverado,$ 12.535.409,2019,97916 Km
Kia Morning,$ 12.762.549,2024,33.446 kms
CHEVROLET ONIX,15169524,2023,No disponible
Suzuki Baleno,11309493,2019,108647 Km
Toyota Hilux,13391903,2023,36708 Km
Suzuki Swift,12201388,2023,40860 Km
Suzuki S-Cross,4275098,2014,146.136 kms
Suzuki S-Cross,No disponible,2014,206292 Km
Suzuki S-Cross,8587801,2017,161046 Km
Chevrolet Onix,7985913,2023,47.178 kms
Chevrolet Silverado,3379288,2017,151947 Km
Suzuki S-Cross,$ 5.290.579,2014,No disponible
Hyundai Santa Fe,11578468,2018,96.064 kms
Suzuki Grand Vitara,19363376,2025,12776 Km
Nissan Sentra,4000098,2015,179.839 kms
Kia Sportage,2500000,2012,180194 Km
NISSAN SENTRA,2879486,2012,214942 Km
Nissan Kicks,9587810,2019,87150 Km
Kia Morning,6932652,2024,35.452 kms
Hyundai Accent,2942095,2011,215.550 kms
Chevrolet Tracker,22670407,2025,12726 Km
NISSAN KICKS,7593913,No disponible,130491 Km
Hyundai Santa Fe,5651626,2014,153600 Km
Hyundai Santa Fe,6113431,2016,169.170 kms
HYUNDAI TUCSON,2500000,2012,221214 Km
Chevrolet Sail,5273758,2019,109.312 kms
Hyundai Accent,9043182,2016,130.690 kms
Nissan Sentra,14588153,2022,53.532 kms
SUZUKI S-CROSS,2500000,2010,192752 Km
Toyota Yaris,$ 2.500.000,2011,195.465 kms
Toyota Corolla,10797310,2019,98000 Km
Toyota Hilux,$ 2.500.000,2011,268.635 kms
Toyota RAV4,No disponible,2015,158.972 kms
Suzuki S-Cross,8382546,2018,102.888 kms
NISSAN KICKS,4538437,2013,202.371 kms
SUZUKI BALENO,18548422,2024,33612 Km
Chevrolet Onix,2670283,2010,223760 Km
Toyota Hilux,$ 3.183.146,2011,234660 Km
Kia Sportage,7045004,2019,122934 Km
Chevrolet Onix,6441002,2015,132099 Km
Chevrolet Silverado,8779366,2019,115.115 kms
Kia Rio,2547102,2015,149248 Km
Toyota Corolla,3203101,2011,201900 Km
Hyundai Tucson,$ 3.850.063,2016,172.960 kms
Suzuki Baleno,$ 2.998.550,2011,226140 Km
Hyundai i30,21025667,2024,30770 Km
Suzuki Swift,2500000,2013,180440 Km
CHEVROLET SILVERADO,14711783,2023,47.511 kms
Kia Morning,13107781,2022,55740 Km
Hyundai Tucson,5401598,2016,174100 Km
Nissan Kicks,9730989,2018,131432 Km
Nissan Sentra,5385402,2016,176570 Km
Suzuki S-Cross,2675428,2015,No disponible
HYUNDAI I30,6901315,2015,169.587 kms
🔥 Hyundai i30 IMPECABLE 🔥,$ 12.229.984,2020,82.182 kms
Chevrolet Sail,10928613,2023,41.742 kms
Chevrolet Onix,4840931,2019,121835 Km
Kia Sorento,14857994,2024,24750 Km
Chevrolet Tracker,2500000,2011,256305 Km
Toyota RAV4,$ 14.523.207,2023,47433 Km
Suzuki S-Cross,No disponible,2013,212186 Km
TOYOTA HILUX,3155942,2016,162520 Km
Chevrolet Tracker,No disponible,2019,87262 Km
Hyundai Santa Fe,No disponible,2025,15.181 kms
🔥 Kia Morning IMPECABLE 🔥,14001362,2021,70760 Km
Toyota Hilux,17620145,2023,37.701 kms
CHEVROLET SAIL,18333226,2023,49.071 kms
TOYOTA YARIS,No disponible,2021,76415 Km
Hyundai Tucson,13980049,2021,64.970 kms
TOYOTA COROLLA,18837242,No disponible,35660 Km
NISSAN QASHQAI,15276617,2022,53696 Km
Hyundai Accent,$ 3.253.783,2014,172632 Km
Suzuki Swift,5234410,2021,73.690 kms
Suzuki Baleno,4014588,2014,178632 Km
Hyundai i30,14505925,2021,69.650 kms
NISSAN SENTRA,5174713,2019,94675 Km
Kia Morning,3606469,2017,116451 Km
Chevrolet Silverado,2500000,2010,213696 Km
SUZUKI BALENO,2874408,2016,173.890 kms
Nissan Qashqai,No disponible,No disponible,24554 Km
NISSAN KICKS,4727020,2015,No disponible
Suzuki S-Cross,8554657,2023,49626 Km
Suzuki Swift,8477261,2019,91028 Km
Kia Sportage,5132907,2020,105048 Km
Chevrolet Silverado,$ 2.500.000,2010,234944 Km
Suzuki Baleno,10251623,2021,68035 Km
Hyundai i30,15486359,2021,72.295 kms
Suzuki S-Cross,$ 7.472.456,2015,137467 Km
Kia Sportage,4896364,2018,112248 Km
Toyota Yaris,12534489,2021,66665 Km
Nissan Sentra,11862024,2025,14219 Km
Toyota Yaris,$ 3.818.681,2012,185.990 kms
Suzuki Grand Vitara,14152014,2021,72160 Km
Hyundai i30,3366903,2017,149094 Km
Hyundai Accent,12729613,2024,No disponible
CHEVROLET SILVERADO,6697788,2019,97.167 kms
Hyundai i30,6247322,2017,117414 Km
🔥 Chevrolet Onix IMPECABLE 🔥,No disponible,2018,112208 Km
Suzuki Grand Vitara,3442346,2015,143297 Km
CHEVROLET ONIX,13284574,2020,77394 Km
🔥 Toyota RAV4 IMPECABLE 🔥,No disponible,2018,135920 Km
Kia Sorento,10640676,2021,71020 Km
Kia Rio,3543904,2015,181753 Km
Kia Rio,7002490,2023,52482 Km
Toyota Yaris,11625958,2019,108.906 kms
Kia Rio,18241222,2025,17.259 kms
Hyundai Tucson,19327811,2023,43614 Km
Nissan Qashqai,$ 3.830.232,2015,190421 Km
🔥 Chevrolet Sail IMPECABLE 🔥,2500000,2010,200416 Km
Toyota Corolla,8339248,2017,155169 Km
🔥 Suzuki Grand Vitara IMPECABLE 🔥,3196859,2015,No disponible
Kia Sorento,14836407,2022,53.288 kms
NISSAN QASHQAI,11311360,2023,51651 Km
Nissan Versa,5941265,2019,90951 Km
Chevrolet Silverado,4979076,2014,153.432 kms
Nissan Sentra,9693281,2019,104797 Km
Suzuki Baleno,4630805,2013,173212 Km
Kia Morning,6731858,2016,160520 Km
Suzuki Swift,9078909,2017,123.669 kms
Kia Sorento,2825814,2012,199.948 kms
TOYOTA HILUX,12125911,2023,48444 Km
Toyota Hilux,5438905,No disponible,92554 Km
TOYOTA HILUX,2992300,2016,154240 Km
CHEVROLET TRACKER,No disponible,2016,152420 Km
Nissan Versa,3517398,2014,152.016 kms
Toyota Yaris,3010894,2012,203994 Km
TOYOTA HILUX,No disponible,2015,163218 Km
Hyundai Tucson,2500000,2010,230640 Km
Suzuki S-Cross,9256812,2022,55140 Km
Suzuki S-Cross,$ 8.128.859,2018,133000 Km
Chevrolet Tracker,No disponible,2017,120429 Km
🔥 Nissan Sentra IMPECABLE 🔥,3784390,2014,183048 Km
CHEVROLET SAIL,2500000,2011,259.425 kms
Chevrolet Sail,3747703,2012,249.228 kms
Chevrolet Sail,2500000,2010,194112 Km
Suzuki S-Cross,3803889,2016,No disponible
Toyota RAV4,5683190,2016,140900 Km
Hyundai i30,No disponible,2011,243495 Km
Chevrolet Onix,17907989,No disponible,25128 Km
TOYOTA YARIS,$ 20.518.203,2025,12032 Km
Nissan Qashqai,7045392,2023,41550 Km
Nissan Qashqai,$ 17.854.741,2023,46707 Km
Nissan Kicks,10140427,2020,78948 Km
NISSAN KICKS,6783324,2017,124461 Km
Toyota Yaris,8537848,2018,136560 Km
Chevrolet Onix,No disponible,2011,216.795 kms
Suzuki Swift,2500000,2011,258555 Km
Nissan Qashqai,4292136,2017,130536 Km
NISSAN QASHQAI,12293751,2020,97326 Km
Nissan Kicks,6633176,2015,138160 Km
Chevrolet Silverado,11556759,2022,70448 Km
Chevrolet Silverado,No disponible,2020,95490 Km
Suzuki Grand Vitara,2874557,2015,134464 Km
Suzuki S-Cross,No disponible,2013,159.159 kms
HYUNDAI TUCSON,No disponible,2022,71488 Km
Kia Rio,2500000,2015,172436 Km
Toyota Yaris,7766783,2017,144.495 kms
Chevrolet Tracker,20412914,2025,12539 Km
Kia Sportage,10718178,2021,60395 Km
KIA MORNING,6572630,2016,172320 Km
NISSAN VERSA,10856069,2023,No disponible
Kia Sportage,No disponible,2018,102.192 kms
Chevrolet Tracker,$ 5.540.041,2013,156468 Km
TOYOTA YARIS,19959160,2024,25984 Km
Nissan Qashqai,7661311,2022,57400 Km
Nissan Sentra,6319862,2019,100198 Km
TOYOTA COROLLA,6250159,2016,145900 Km
🔥 Kia Sorento IMPECABLE 🔥,No disponible,2022,56836 Km
Suzuki Swift,18009693,2023,51.096 kms
Nissan Sentra,3829404,2012,237.034 kms
Nissan Qashqai,6011561,No disponible,176760 Km
KIA MORNING,11165703,2024,32998 Km
🔥 Nissan Sentra IMPECABLE 🔥,$ 22.821.598,2025,14633 Km
Kia Morning,3713146,2016,157400 Km
Toyota Corolla,$ 5.203.589,No disponible,168818 Km
TOYOTA HILUX,2628524,2012,234136 Km
Chevrolet Onix,$ 11.967.732,2021,68005 Km
🔥 Kia Sorento IMPECABLE 🔥,2912252,2014,145812 Km
Suzuki S-Cross,12648232,2023,39378 Km
Toyota Yaris,5303030,2014,213540 Km
KIA MORNING,$ 22.973.644,2025,14554 Km
🔥 Chevrolet Silverado IMPECABLE 🔥,3168352,2013,192725 Km
Hyundai Accent,17498541,2025,12909 Km
Chevrolet Silverado,3114731,2011,189.465 kms
Suzuki Swift,No disponible,2015,153.681 kms
KIA SORENTO,4200533,2014,159984 Km
Hyundai Tucson,$ 4.599.300,2015,182413 Km
Kia Morning,4869021,2013,218166 Km
Suzuki S-Cross,2912659,2011,207930 Km
Nissan Versa,4341251,2015,154308 Km
SUZUKI SWIFT,3020114,2015,184987 Km
Toyota RAV4,15316750,No disponible,50.847 kms
SUZUKI GRAND VITARA,No disponible,2025,14.847 kms
Toyota Yaris,16012546,2023,42498 Km
Chevrolet Silverado,3998971,2012,206990 Km
Suzuki Baleno,$ 9.278.348,2018,121888 Km
Nissan Qashqai,$ 12.894.401,2021,85015 Km
Suzuki S-Cross,2500000,2012,No disponible
SUZUKI SWIFT,6880719,2017,No disponible
Toyota Hilux,No disponible,2020,72852 Km
Hyundai Accent,3513987,2014,144612 Km
Hyundai Accent,5519969,2016,124.660 kms
Nissan Qashqai,$ 5.998.912,2018,122392 Km
SUZUKI GRAND VITARA,6009436,2017,118404 Km
Kia Sportage,3200672,2013,204087 Km
Hyundai Accent,4069542,2015,No disponible
Suzuki S-Cross,No disponible,2021,88180 Km
Hyundai Accent,5372529,No disponible,131.900 kms
Chevrolet Silverado,7672569,2023,38034 Km
Kia Sportage,3534936,2011,210105 Km
HYUNDAI ACCENT,18707730,2023,40485 Km
Nissan Kicks,5631488,No disponible,74922 Km
Hyundai Accent,2500000,2011,263550 Km
CHEVROLET TRACKER,2500000,2010,237968 Km
Toyota Hilux,$ 5.523.909,2015,169895 Km
Suzuki Baleno,2901352,2013,177749 Km
TOYOTA COROLLA,8301757,2023,40272 Km
Nissan Qashqai,$ 4.250.113,2012,169.372 kms
Hyundai i30,9216129,2017,113247 Km
Hyundai Tucson,6626054,2015,190740 Km
HYUNDAI TUCSON,10501945,2019,119413 Km
Chevrolet Silverado,9500281,2021,78265 Km
Toyota RAV4,4844068,2014,183072 Km
🔥 Chevrolet Onix IMPECABLE 🔥,4515645,2019,106757 Km
Chevrolet Sail,6143525,2016,121.400 kms
SUZUKI BALENO,3202885,2011,241.155 kms
🔥 Suzuki Baleno IMPECABLE 🔥,12939045,2021,62320 Km
Chevrolet Tracker,3036379,2012,219114 Km
TOYOTA COROLLA,5621492,2018,103440 Km
Nissan Versa,2500000,No disponible,222.368 kms
KIA SPORTAGE,6360530,2015,135223 Km
Toyota Corolla,3882386,2012,226422 Km
Toyota Corolla,9150836,2019,98651 Km
Hyundai Accent,2960870,2015,135.245 kms
Suzuki Baleno,11233418,2024,26634 Km
Chevrolet Tracker,No disponible,2024,24742 Km
Toyota Corolla,19059837,2023,39.612 kms
Chevrolet Tracker,7669645,2019,118622 Km
🔥 Nissan Kicks IMPECABLE 🔥,8451741,2016,145100 Km
Suzuki Swift,15432847,2023,53037 Km
Kia Sorento,$ 6.899.936,2015,147257 Km
Kia Sportage,$ 9.917.365,2019,108654 Km
Nissan Versa,10186629,2025,16.807 kms
Nissan Kicks,11032053,2018,104744 Km
NISSAN VERSA,3752571,2016,138330 Km
Kia Morning,11977237,2025,16902 Km
Chevrolet Tracker,15625675,2025,15336 Km
Toyota RAV4,5314007,2019,87.024 kms
TOYOTA RAV4,6300082,2020,74142 Km
Kia Rio,3101573,2012,200942 Km
Toyota Yaris,No disponible,2019,118727 Km
SUZUKI BALENO,13885575,2024,34.678 kms
Chevrolet Tracker,2500000,2011,181815 Km
Chevrolet Onix,13762535,2020,78.528 kms
Hyundai i30,11977122,2022,48380 Km
Chevrolet Sail,3343770,2013,189.501 kms
CHEVROLET SAIL,12436526,2022,55688 Km
Suzuki Grand Vitara,6551401,2023,47004 Km
Nissan Qashqai,3476105,2017,115695 Km
🔥 Chevrolet Silverado IMPECABLE 🔥,No disponible,2010,274.176 kms
🔥 Kia Sorento IMPECABLE 🔥,8698740,2017,157905 Km
Kia Rio,$ 2.500.000,2010,229888 Km
Hyundai Accent,5369825,2020,80400 Km
Suzuki Baleno,4568453,2016,174330 Km
SUZUKI BALENO,3491124,2013,189241 Km
NISSAN VERSA,3685374,2014,No disponible
SUZUKI BALENO,13012858,2023,41847 Km
Hyundai Accent,3340432,2015,194931 Km
Kia Rio,$ 2.500.000,2010,223.248 kms
CHEVROLET SILVERADO,6353379,2018,119904 Km
Chevrolet Tracker,7563164,2023,38127 Km
Kia Rio,No disponible,2022,53236 Km
Suzuki S-Cross,13130472,2025,17.056 kms
Nissan Qashqai,14544434,2023,50646 Km
Hyundai Accent,4977017,2016,143340 Km
Kia Rio,13362872,2022,No disponible
Kia Morning,2500000,2011,268830 Km
Suzuki Baleno,22052757,No disponible,13515 Km
Toyota Hilux,$ 2.500.000,2010,264.256 kms
Suzuki Grand Vitara,11357485,2022,70408 Km
SUZUKI GRAND VITARA,5300086,2019,91868 Km
Chevrolet Tracker,13014282,2020,82368 Km
Suzuki Grand Vitara,$ 9.211.636,2023,52.344 kms
Toyota Yaris,9082667,2019,113638 Km
Suzuki S-Cross,2840175,2014,164748 Km
Hyundai i30,4135754,2016,136.090 kms
TOYOTA COROLLA,$ 3.999.054,2017,132264 Km
Suzuki Baleno,2500000,2011,244740 Km
Hyundai Santa Fe,$ 6.776.684,2015,No disponible
🔥 Nissan Kicks IMPECABLE 🔥,4178586,2012,174034 Km
Kia Sorento,6282602,2019,122.878 kms
KIA MORNING,5180987,2019,99078 Km
Kia Sorento,4530029,2019,93.478 kms
Nissan Qashqai,11028191,2022,64296 Km
NISSAN KICKS,$ 2.500.000,2012,169428 Km
Toyota Corolla,11758288,2019,121422 Km
Nissan Qashqai,5710604,2018,104424 Km
Chevrolet Sail,7617882,2016,149.520 kms
Nissan Versa,6642997,No disponible,59.628 kms
Hyundai Santa Fe,20479555,2024,28628 Km
Toyota Hilux,2500000,2010,241680 Km
Suzuki Swift,3403846,2016,141950 Km
Toyota Hilux,No disponible,2024,29920 Km
Toyota Yaris,$ 8.117.527,2017,113.634 kms
Kia Rio,11807218,2025,13.004 kms
Hyundai Santa Fe,11756308,2021,80835 Km
Kia Sportage,8323852,2016,165660 Km
Kia Rio,No disponible,2014,162156 Km
Nissan Qashqai,10081683,2025,16928 Km
Kia Rio,2896958,2013,173797 Km
Suzuki Grand Vitara,2524632,2013,No disponible
Nissan Sentra,5161340,2019,123620 Km
Toyota Corolla,10371485,2024,30700 Km
🔥 Suzuki Swift IMPECABLE 🔥,No disponible,2014,154296 Km
Chevrolet Sail,4624792,2015,161590 Km
Nissan Sentra,2500000,2010,203408 Km
Toyota Hilux,12733258,2023,39.885 kms
🔥 Chevrolet Silverado IMPECABLE 🔥,6449271,2021,89400 Km
Nissan Sentra,18357230,2025,16038 Km
HYUNDAI TUCSON,10954965,2021,77575 Km
Chevrolet Silverado,11906123,2024,26516 Km
Nissan Qashqai,8861139,2018,No disponible
CHEVROLET ONIX,4608442,2014,214356 Km
🔥 Chevrolet Onix IMPECABLE 🔥,6644972,2015,145057 Km
Chevrolet Sail,4308521,2016,143140 Km
Hyundai Accent,8552606,2019,102809 Km
🔥 Suzuki S-Cross IMPECABLE 🔥,$ 8.867.622,2025,14307 Km
Nissan Sentra,4676733,No disponible,137439 Km
Hyundai Santa Fe,2500000,2010,283024 Km
Chevrolet Tracker,12532499,2019,109935 Km
Kia Sportage,3564590,2015,189409 Km
Chevrolet Sail,10636413,2025,15934 Km
Suzuki Swift,17186935,No disponible,15803 Km
Kia Sportage,3537745,2015,191983 Km
Chevrolet Onix,No disponible,2023,51.117 kms
Suzuki Swift,4314368,2013,218.569 kms
Chevrolet Tracker,5172658,2020,82212 Km
KIA SORENTO,7291642,2017,108.000 kms
Kia Sorento,4217168,2012,182742 Km
Hyundai Accent,4818437,2016,154020 Km
Nissan Kicks,7311898,2017,No disponible
Kia Rio,5315788,2021,83.290 kms
🔥 Toyota Hilux IMPECABLE 🔥,2613275,2016,176670 Km
HYUNDAI ACCENT,$ 7.316.147,2016,130120 Km
Hyundai Santa Fe,11784511,2021,74145 Km
Hyundai Tucson,6571507,2023,42945 Km
CHEVROLET SILVERADO,9916653,2025,16056 Km
🔥 Nissan Sentra IMPECABLE 🔥,8845025,2018,116352 Km
Chevrolet Sail,5056984,No disponible,119378 Km
Chevrolet Sail,2500000,2011,210465 Km
Hyundai i30,No disponible,2019,119266 Km
NISSAN VERSA,$ 3.337.328,No disponible,146790 Km
Toyota RAV4,6209240,2014,No disponible
Toyota Yaris,$ 2.500.000,2012,217448 Km
Kia Rio,12122871,2021,65.400 kms
Chevrolet Sail,9476501,2017,No disponible
Toyota Corolla,11359215,2019,93723 Km
Hyundai Santa Fe,No disponible,2022,65956 Km
Nissan Sentra,2500000,2010,255.424 kms
Hyundai Tucson,14162132,2025,12881 Km
Hyundai Tucson,2859777,2014,192912 Km
Hyundai Accent,2500000,2010,281072 Km
Suzuki Grand Vitara,$ 2.946.725,2016,166870 Km
Suzuki S-Cross,7649635,2017,126.873 kms
Kia Sorento,$ 17.823.594,2024,26750 Km
Suzuki Baleno,7171522,2022,61160 Km
CHEVROLET ONIX,8401519,2018,135128 Km
SUZUKI BALENO,$ 4.415.462,2014,154656 Km
Kia Morning,20992629,2025,15397 Km
Nissan Versa,2910451,2012,192738 Km
Nissan Sentra,5586783,2021,80.655 kms
Suzuki Swift,7555417,2024,24.112 kms
Chevrolet Tracker,8759225,2016,123210 Km
Toyota Hilux,No disponible,2010,257392 Km
Toyota Corolla,2688721,2011,214335 Km
CHEVROLET TRACKER,2500000,2010,213792 Km
🔥 Toyota RAV4 IMPECABLE 🔥,5262705,2018,125640 Km
KIA MORNING,4404380,2017,109107 Km
Suzuki Grand Vitara,3722931,2016,121930 Km
Hyundai Santa Fe,3027356,2013,225901 Km
Kia Morning,10301767,2017,119979 Km
Nissan Versa,$ 2.500.000,2010,210416 Km
Toyota Yaris,2500000,2011,224010 Km
Nissan Kicks,6776354,2024,30532 Km
Suzuki Swift,$ 10.112.845,2021,75555 Km
Kia Morning,$ 10.372.555,2023,43.338 kms
Chevrolet Sail,2500000,2011,257.610 kms
TOYOTA YARIS,6396795,2015,136477 Km
Chevrolet Sail,2822985,2013,219947 Km
KIA SPORTAGE,8153592,2015,135157 Km
🔥 Nissan Sentra IMPECABLE 🔥,19441331,2025,17138 Km
Nissan Versa,$ 7.895.744,2023,No disponible
Kia Sportage,No disponible,2019,104.552 kms
SUZUKI GRAND VITARA,16372232,2022,70012 Km
Toyota RAV4,$ 2.500.000,2010,268032 Km
🔥 Chevrolet Silverado IMPECABLE 🔥,$ 7.376.341,2018,112944 Km
NISSAN VERSA,4775753,2016,146.600 kms
Nissan Versa,9623030,2020,86004 Km
Toyota Yaris,7339331,No disponible,76060 Km
Hyundai Accent,3076830,2012,178920 Km
Nissan Sentra,3447532,2016,131430 Km
Suzuki Swift,$ 17.547.907,2022,59.560 kms
Kia Rio,3774348,2012,191646 Km
Kia Sorento,$ 2.500.000,2010,255840 Km
Suzuki Grand Vitara,12318239,2020,No disponible
TOYOTA RAV4,$ 4.072.900,2015,188947 Km
🔥 Suzuki Grand Vitara IMPECABLE 🔥,6062618,2022,64160 Km
Hyundai Tucson,10306604,2018,140.728 kms
🔥 Nissan Kicks IMPECABLE 🔥,$ 3.450.298,2013,222.677 kms
Chevrolet Sail,No disponible,2017,157203 Km
HYUNDAI SANTA FE,8899355,2023,37704 Km
Chevrolet Silverado,4561939,2019,111545 Km
Hyundai Santa Fe,6203226,2019,108.731 kms
NISSAN QASHQAI,$ 8.493.267,2016,131920 Km
Chevrolet Tracker,9655818,2023,No disponible
Chevrolet Sail,$ 4.584.992,2016,135.140 kms
Kia Rio,3663058,2017,126756 Km
HYUNDAI SANTA FE,10917641,2020,89064 Km
Suzuki Grand Vitara,5789335,2014,194.544 kms
Kia Sorento,2541242,2013,No disponible
Nissan Qashqai,5052639,2013,195650 Km
Kia Sorento,6302386,2020,95178 Km
KIA RIO,2500000,No disponible,249102 Km
Nissan Versa,4211437,2013,186.901 kms
Toyota Yaris,9813779,2017,136.161 kms
Hyundai Santa Fe,$ 6.484.368,2017,159.048 kms
Nissan Qashqai,No disponible,2017,161064 Km
Nissan Versa,3383837,2015,138963 Km
Chevrolet Tracker,16187426,2023,50.763 kms
Suzuki Grand Vitara,$ 6.706.192,2018,133.664 kms
Nissan Sentra,5800600,2017,121590 Km
HYUNDAI TUCSON,11457403,2020,103110 Km
Suzuki S-Cross,5900156,2017,154890 Km
Suzuki Grand Vitara,10586140,2018,120632 Km
🔥 Nissan Qashqai IMPECABLE 🔥,11941730,2019,121.429 kms
Toyota Corolla,7448776,2017,139356 Km
Kia Sorento,5937268,2015,174625 Km
Kia Sportage,11071682,2024,31324 Km
Chevrolet Sail,8081038,2023,42387 Km
Toyota Hilux,9055320,2020,91.470 kms
Nissan Kicks,10923533,2018,131768 Km
Hyundai Tucson,$ 6.924.629,2016,167490 Km
🔥 Chevrolet Tracker IMPECABLE 🔥,2687484,2011,263985 Km
Hyundai Tucson,No disponible,No disponible,231378 Km
Nissan Qashqai,6400277,2022,56788 Km
CHEVROLET SILVERADO,No disponible,2016,167260 Km
Suzuki S-Cross,No disponible,2025,16132 Km
Toyota Hilux,3823746,2014,213168 Km
KIA SPORTAGE,No disponible,2010,267.888 kms
Toyota Hilux,11821344,2019,112.280 kms
Suzuki Grand Vitara,7055570,2018,112520 Km
Kia Sportage,No disponible,2022,No disponible
HYUNDAI I30,No disponible,2020,74.580 kms
Toyota Hilux,14845868,2024,27256 Km
Toyota Corolla,16964839,2022,60080 Km
Kia Sorento,8737306,2021,80.570 kms
Hyundai i30,7309659,2019,103264 Km
Chevrolet Tracker,3027920,2012,216426 Km
Toyota Hilux,6447707,2015,141.130 kms
HYUNDAI TUCSON,22727363,2025,No disponible
Suzuki Baleno,6840536,2019,107681 Km
Nissan Kicks,No disponible,2021,No disponible
Chevrolet Tracker,2500000,2011,231.495 kms
Kia Morning,$ 2.500.000,2010,225488 Km
🔥 Suzuki S-Cross IMPECABLE 🔥,22791254,2025,14.098 kms
Toyota Hilux,$ 3.309.824,2015,158928 Km
Kia Sorento,5572784,2021,62055 Km
Suzuki Swift,No disponible,2014,211284 Km
TOYOTA HILUX,13020000,2020,100806 Km
Hyundai Santa Fe,$ 14.136.814,2023,36.126 kms
Kia Rio,7918911,2015,135201 Km
Hyundai Santa Fe,$ 12.202.646,2022,56348 Km
Suzuki Grand Vitara,$ 12.909.758,2021,88435 Km
🔥 Hyundai i30 IMPECABLE 🔥,7390240,2020,97290 Km
CHEVROLET SAIL,6826920,2023,43.863 kms
Suzuki S-Cross,15936291,2021,69015 Km
Nissan Versa,9703764,2022,60940 Km
Kia Sportage,16938614,2022,66.140 kms
Kia Rio,2500000,2010,203.584 kms
Toyota Corolla,3737584,2014,191568 Km
SUZUKI GRAND VITARA,12603069,2023,50532 Km
TOYOTA YARIS,No disponible,No disponible,85.745 kms
Chevrolet Onix,4062198,2013,168714 Km
Toyota Hilux,18154402,2023,50.442 kms
Suzuki S-Cross,16230255,2024,28468 Km
Hyundai Accent,4825142,2018,128672 Km
Kia Sportage,5993018,2015,140272 Km
Toyota Yaris,5395769,2016,171160 Km
Chevrolet Onix,$ 11.600.361,2020,106.944 kms
Suzuki Swift,8247749,2017,No disponible
Suzuki Grand Vitara,13277233,No disponible,81.102 kms
Hyundai Tucson,11186710,2018,125672 Km
Toyota Hilux,3818379,2015,167772 Km
Toyota Corolla,7621942,2019,No disponible
Toyota RAV4,No disponible,2025,17870 Km
Chevrolet Silverado,2500000,2010,210736 Km
Nissan Qashqai,13426499,2020,95988 Km
Nissan Versa,No disponible,2023,43200 Km
🔥 Suzuki S-Cross IMPECABLE 🔥,No disponible,2012,224406 Km
HYUNDAI ACCENT,$ 7.376.702,2018,105.664 kms
Hyundai i30,14010272,2023,37122 Km
Nissan Versa,4098229,2017,145188 Km
🔥 Toyota Corolla IMPECABLE 🔥,2500000,No disponible,252592 Km
HYUNDAI ACCENT,2500000,2010,268992 Km
Hyundai i30,15176323,2022,66068 Km
Toyota Corolla,7719613,2016,No disponible
SUZUKI SWIFT,11746080,2022,68008 Km
Kia Rio,17534049,2022,49012 Km
Suzuki Grand Vitara,22756868,2025,13546 Km
Hyundai Tucson,2500000,2011,247755 Km
Toyota Yaris,2500000,2014,178.200 kms
🔥 Nissan Sentra IMPECABLE 🔥,7786533,2023,No disponible
Nissan Qashqai,10448469,2019,101815 Km
Toyota Yaris,12298505,2020,77742 Km
Toyota Hilux,2500000,2013,166.153 kms
Nissan Versa,No disponible,2016,173850 Km
Chevrolet Silverado,$ 7.173.256,2019,121457 Km
Toyota Hilux,4542669,2014,169.908 kms
Nissan Sentra,3495737,2012,173432 Km
Chevrolet Tracker,$ 20.642.716,2025,13204 Km
Toyota Hilux,16696966,2025,17929 Km
Kia Sorento,7598687,2018,142848 Km
Nissan Kicks,3267176,2013,233.298 kms
Nissan Sentra,6276148,2022,69188 Km
Toyota Corolla,No disponible,2023,45.702 kms
Chevrolet Silverado,18487024,2024,24240 Km
Toyota Corolla,2789212,2010,216.576 kms
CHEVROLET SAIL,$ 10.456.563,2018,131.120 kms
Nissan Versa,$ 10.443.270,2018,108632 Km
Suzuki Baleno,2500000,2012,186.592 kms
Chevrolet Silverado,2500000,2011,207180 Km
Suzuki Grand Vitara,$ 4.335.843,2013,194389 Km
SUZUKI GRAND VITARA,4087396,2015,154.517 kms
TOYOTA HILUX,$ 4.186.976,2014,153816 Km
Kia Sportage,6628670,2023,41724 Km
Nissan Sentra,$ 9.267.154,2018,128.336 kms
Kia Sorento,10710489,2022,62812 Km
🔥 Kia Rio IMPECABLE 🔥,10001299,2021,79505 Km
Hyundai Tucson,5722106,2018,127896 Km
Toyota Yaris,17504759,2024,28654 Km
Nissan Kicks,$ 2.500.000,2013,223106 Km
Nissan Versa,4383826,No disponible,152832 Km
Nissan Qashqai,7555964,2016,151700 Km
Suzuki S-Cross,8961470,2018,110264 Km
Suzuki Baleno,5918463,2016,139000 Km
Toyota Hilux,9103174,2025,12241 Km
Kia Rio,6593035,2022,70.128 kms
Nissan Sentra,2500000,No disponible,214448 Km
Nissan Versa,9287569,2023,52761 Km
TOYOTA COROLLA,6847265,2024,26440 Km
🔥 Suzuki Swift IMPECABLE 🔥,4552730,2013,175240 Km
NISSAN KICKS,11043619,2022,65700 Km
Suzuki S-Cross,20367861,2024,24942 Km
KIA SPORTAGE,$ 2.500.000,2011,249345 Km
Suzuki Swift,3541756,2016,121040 Km
Suzuki Grand Vitara,2500000,2014,209688 Km
Nissan Qashqai,No disponible,2018,142200 Km
Suzuki Grand Vitara,2500000,2010,197584 Km
Kia Rio,$ 22.489.140,2025,No disponible
Kia Sorento,2500000,2012,232750 Km
Hyundai i30,$ 2.500.000,2014,No disponible
🔥 Hyundai Accent IMPECABLE 🔥,3993169,2017,144441 Km
SUZUKI S-CROSS,6392018,No disponible,162080 Km
NISSAN QASHQAI,2945471,2012,230720 Km
CHEVROLET ONIX,9427433,2020,93600 Km
Kia Sorento,10420203,2019,124.320 kms
Chevrolet Onix,7982182,2025,16883 Km
HYUNDAI ACCENT,12784069,2022,No disponible
Nissan Sentra,2500000,2010,217600 Km
Chevrolet Sail,2500000,2010,256640 Km
🔥 Chevrolet Onix IMPECABLE 🔥,2500000,2011,235110 Km
Kia Sorento,13770362,2022,64680 Km
Hyundai Santa Fe,4680308,2015,165.374 kms
Hyundai Accent,$ 9.165.498,No disponible,74.250 kms
Suzuki Baleno,7036850,2017,138159 Km
🔥 Chevrolet Silverado IMPECABLE 🔥,7851700,2023,No disponible
Nissan Versa,3050905,2012,244090 Km
HYUNDAI SANTA FE,$ 6.362.734,2015,136752 Km
Toyota Hilux,2500000,2012,249494 Km
Chevrolet Silverado,14728470,2021,No disponible
Toyota Corolla,No disponible,2012,245.364 kms
Suzuki S-Cross,$ 9.880.537,2020,106686 Km
Toyota Yaris,2500000,2010,216608 Km
Suzuki S-Cross,6658663,2018,96128 Km
Suzuki S-Cross,2500000,2010,237264 Km
Toyota Hilux,2500000,2012,191954 Km
Kia Sportage,3579415,2013,194714 Km
Suzuki Grand Vitara,No disponible,2024,27682 Km
Chevrolet Silverado,3868415,2017,122.166 kms
Nissan Kicks,$ 4.094.334,2017,114552 Km
Toyota Hilux,3559117,2011,197670 Km
SUZUKI SWIFT,17488047,2023,45234 Km
Suzuki S-Cross,4109286,2014,145728 Km
NISSAN QASHQAI,9080997,2019,95508 Km
Suzuki S-Cross,$ 2.500.000,2011,249165 Km
Kia Rio,10404031,2021,68795 Km
Hyundai i30,3573485,2012,No disponible
Hyundai i30,2856581,2011,191130 Km
Kia Rio,7662704,2025,13720 Km
Suzuki Baleno,5965278,2021,68010 Km
Chevrolet Sail,7173734,2016,156.860 kms
Chevrolet Sail,5001611,2020,83430 Km
Suzuki Grand Vitara,6112401,2020,92.538 kms
🔥 Hyundai Santa Fe IMPECABLE 🔥,3876009,2012,211190 Km
HYUNDAI TUCSON,8868138,2019,93387 Km
TOYOTA HILUX,6860225,2017,No disponible
🔥 Hyundai Santa Fe IMPECABLE 🔥,15839451,2023,53.991 kms
Hyundai Tucson,6995750,2016,122.280 kms
Chevrolet Sail,14565238,2022,53848 Km
Nissan Kicks,$ 17.688.968,2023,47.232 kms
Suzuki Swift,9068508,2021,70.645 kms
KIA SORENTO,2500000,2011,269.265 kms
Toyota Yaris,15859564,2023,49923 Km
Suzuki Grand Vitara,No disponible,2011,199575 Km
Nissan Sentra,$ 13.304.966,2024,30106 Km
CHEVROLET TRACKER,$ 6.169.389,2018,114.328 kms
HYUNDAI SANTA FE,2823516,2012,201138 Km
Suzuki Grand Vitara,7717798,2022,62988 Km
Kia Sorento,8532263,2017,110340 Km
Hyundai i30,6869990,2022,50792 Km
Chevrolet Sail,8370091,2022,65828 Km
Nissan Versa,$ 9.263.984,2019,112413 Km
Toyota Yaris,8035622,2016,140720 Km
Suzuki Swift,10637613,2023,37293 Km
🔥 Suzuki Swift IMPECABLE 🔥,4396272,2018,No disponible
🔥 Kia Sorento IMPECABLE 🔥,4390420,No disponible,179.180 kms
KIA MORNING,4126741,2017,158.256 kms
Kia Sportage,14277052,2022,51764 Km
Toyota Hilux,6288831,2018,99992 Km
🔥 Chevrolet Sail IMPECABLE 🔥,15272910,No disponible,35504 Km
Hyundai Santa Fe,12420870,2022,48392 Km
Hyundai Accent,No disponible,2011,246015 Km
Kia Sportage,2540351,2013,191204 Km
Hyundai Accent,15056238,2021,67685 Km
Toyota Hilux,12328209,2021,60555 Km
Chevrolet Onix,4491405,2019,120.176 kms
Hyundai Accent,10889323,2020,76854 Km
Kia Morning,2500000,2010,212304 Km
Suzuki Baleno,2500000,2011,205110 Km
🔥 Kia Sorento IMPECABLE 🔥,$ 7.088.297,2015,150876 Km
Hyundai Santa Fe,4761001,2016,146.360 kms
Chevrolet Onix,9940849,2025,13228 Km
Nissan Sentra,3781608,2012,235.340 kms
SUZUKI SWIFT,10381038,2018,140080 Km
Chevrolet Tracker,6595298,2021,67190 Km
KIA SPORTAGE,No disponible,2023,No disponible
🔥 Toyota Hilux IMPECABLE 🔥,2500000,2011,266715 Km
Nissan Qashqai,13272869,2022,56644 Km
Kia Sorento,5411788,2014,187392 Km
NISSAN KICKS,8920543,2023,44127 Km
Toyota Corolla,8640146,2021,72590 Km
Hyundai Accent,2500000,No disponible,No disponible
🔥 Hyundai Accent IMPECABLE 🔥,9608829,2025,16592 Km
TOYOTA YARIS,10425376,2025,14577 Km
TOYOTA COROLLA,8824078,2018,117472 Km
Hyundai Accent,16070719,2022,63.052 kms
Nissan Versa,8610223,2018,105328 Km
SUZUKI SWIFT,5603530,2016,145650 Km
Kia Sorento,20553949,2025,15.556 kms
TOYOTA HILUX,$ 5.316.429,2017,138177 Km
Hyundai i30,2500000,2010,246.080 kms
Toyota RAV4,15710468,2025,17114 Km
Suzuki Swift,2792814,2013,220.857 kms
Hyundai i30,5764687,2021,88.355 kms
CHEVROLET SAIL,2500000,2011,200.265 kms
Hyundai Tucson,15852683,2025,16142 Km
🔥 Kia Rio IMPECABLE 🔥,$ 2.500.000,2011,264.405 kms
TOYOTA RAV4,$ 4.583.688,2013,No disponible
Hyundai i30,10657183,2024,31706 Km
Kia Morning,10930955,2019,93905 Km
HYUNDAI I30,5774032,2017,157.563 kms
Nissan Versa,$ 3.931.122,2016,174350 Km
KIA RIO,2500000,2013,225251 Km
Chevrolet Tracker,4512668,2017,136872 Km
Hyundai Accent,2861223,2012,184114 Km
Hyundai Tucson,10283104,2025,16305 Km
Kia Morning,$ 2.500.000,2014,179664 Km
Kia Sorento,16413862,2022,58924 Km
Kia Morning,2500000,2011,195300 Km
Suzuki Baleno,21894084,2025,14.931 kms
Hyundai Tucson,No disponible,2019,94031 Km
Kia Morning,2500000,2012,249522 Km
Suzuki Grand Vitara,3472008,2011,218.235 kms
Hyundai Santa Fe,2500000,2014,174720 Km
Nissan Qashqai,17594269,2024,35088 Km
Nissan Qashqai,2500000,2010,225840 Km
Kia Morning,No disponible,2014,190404 Km
Nissan Versa,2500000,2011,252660 Km
HYUNDAI I30,2657727,No disponible,No disponible
TOYOTA HILUX,5883346,2019,102417 Km
Kia Morning,6045223,2018,99272 Km
Suzuki S-Cross,4261346,No disponible,211692 Km
Chevrolet Onix,15599667,2021,73025 Km
Suzuki Grand Vitara,$ 5.581.248,2015,137940 Km
Kia Sorento,21354496,2025,13173 Km
Chevrolet Onix,3490133,2013,165672 Km
NISSAN VERSA,2500000,2010,286080 Km
Toyota Corolla,14371346,2022,65928 Km
SUZUKI SWIFT,2500000,2014,166944 Km
Nissan Sentra,No disponible,2022,65.148 kms
Toyota Corolla,2500000,2010,238.208 kms
Toyota RAV4,7196145,2016,163.040 kms
Nissan Kicks,5025142,2020,80502 Km
KIA RIO,18059151,2025,15474 Km
Kia Morning,$ 4.055.321,2014,208260 Km
🔥 Nissan Kicks IMPECABLE 🔥,2621732,2011,247.290 kms
Hyundai Tucson,No disponible,2017,161046 Km
Kia Morning,No disponible,2016,167.820 kms
NISSAN KICKS,2500000,2010,278032 Km
Chevrolet Sail,3930751,2014,207900 Km
Hyundai Accent,16814732,2023,50.199 kms
Chevrolet Onix,7633359,2024,No disponible
Kia Sorento,No disponible,2024,30306 Km
Toyota Yaris,3851327,2015,191.466 kms
Kia Sorento,9260627,2019,No disponible
Hyundai Tucson,2500000,2014,No disponible
Toyota Corolla,$ 4.324.171,2015,183029 Km
Hyundai Tucson,5982076,2022,63676 Km
TOYOTA YARIS,4403656,2013,191178 Km
KIA RIO,2619339,2015,No disponible
Chevrolet Onix,10280290,2019,122080 Km
Hyundai i30,7721641,2022,54.424 kms
Kia Rio,No disponible,2018,104032 Km
Suzuki Grand Vitara,$ 10.684.037,2018,110.720 kms
Toyota RAV4,2500000,2011,259695 Km
Hyundai Tucson,$ 11.910.858,No disponible,25294 Km
Toyota Yaris,3048650,2012,204918 Km
Chevrolet Onix,10674376,2023,41475 Km
Toyota Hilux,$ 5.024.299,2015,132836 Km
Kia Rio,$ 2.500.000,2011,259830 Km
Chevrolet Sail,7042995,2020,74190 Km
Hyundai Accent,$ 6.500.559,2014,169.632 kms
Hyundai Tucson,$ 7.999.537,2023,48711 Km
Nissan Versa,11715460,2019,89733 Km
Chevrolet Tracker,7963794,2019,89.474 kms
Chevrolet Onix,4435091,2018,142400 Km
Nissan Versa,$ 7.550.735,2024,No disponible
Suzuki Swift,No disponible,2016,124.860 kms
Nissan Versa,2500000,2013,174109 Km
Kia Morning,11509292,2019,113.365 kms
Suzuki Swift,2500000,2010,242976 Km
TOYOTA RAV4,19201705,2024,29118 Km
Hyundai Tucson,6211807,2017,No disponible
Hyundai Accent,3212530,2012,240.800 kms
Hyundai Accent,14146003,2024,34082 Km
Suzuki Swift,2500000,2010,277040 Km
Nissan Sentra,6582665,2015,167310 Km
Hyundai i30,6361409,2016,154.700 kms
Toyota Corolla,$ 4.727.668,2015,172260 Km
Hyundai i30,2734256,2011,213780 Km
Nissan Versa,No disponible,2025,13801 Km
Kia Rio,4677542,No disponible,210708 Km
HYUNDAI TUCSON,$ 15.024.613,2023,53973 Km
Toyota Yaris,15344764,2023,43845 Km
Nissan Sentra,9357871,2019,123.375 kms
Hyundai i30,6693512,2018,138.752 kms
🔥 Chevrolet Silverado IMPECABLE 🔥,2500000,2011,188430 Km
Suzuki Grand Vitara,16385735,2025,13248 Km
CHEVROLET SILVERADO,17570382,2022,55.596 kms
🔥 Nissan Versa IMPECABLE 🔥,$ 9.499.648,2018,No disponible
Kia Rio,2500000,2014,146376 Km
Toyota Corolla,2500000,2015,No disponible
Toyota Yaris,8710061,2025,15679 Km
Suzuki Baleno,10243862,2018,138072 Km
KIA RIO,No disponible,2021,88.565 kms
CHEVROLET ONIX,4852781,2016,160970 Km
Kia Morning,4200781,2017,No disponible
TOYOTA HILUX,2885032,2013,No disponible
Nissan Qashqai,2500000,2011,263760 Km
Nissan Sentra,14915164,2021,76405 Km
🔥 Hyundai Accent IMPECABLE 🔥,11923978,2021,67285 Km
Suzuki S-Cross,2500000,2011,231090 Km
CHEVROLET ONIX,$ 10.602.875,2019,105294 Km
Hyundai i30,3938513,2012,182728 Km
Nissan Sentra,2738529,2013,214955 Km
Hyundai i30,2500000,2010,270272 Km
Nissan Kicks,No disponible,2016,137490 Km
Chevrolet Onix,$ 2.500.000,2011,251835 Km
Suzuki Baleno,7797521,2016,161.200 kms
🔥 Nissan Versa IMPECABLE 🔥,2500000,No disponible,257025 Km
🔥 Kia Sorento IMPECABLE 🔥,$ 6.741.147,2017,120960 Km
Toyota RAV4,5936024,2017,139599 Km
🔥 Suzuki Grand Vitara IMPECABLE 🔥,No disponible,2014,203.364 kms
Toyota Hilux,5442190,2014,No disponible
SUZUKI S-CROSS,3666816,2012,210924 Km
Nissan Kicks,2500000,2011,No disponible
Kia Sportage,No disponible,2011,254430 Km
TOYOTA COROLLA,4353343,2013,179777 Km
Suzuki Baleno,2500000,2011,224925 Km
Kia Morning,$ 7.072.240,2018,106920 Km
🔥 Kia Rio IMPECABLE 🔥,$ 4.658.240,2015,154583 Km
Kia Sorento,5115289,2020,83.442 kms
HYUNDAI TUCSON,5984693,2018,142.160 kms
Suzuki Baleno,3188920,2012,179718 Km
Chevrolet Sail,7126033,2019,No disponible
TOYOTA YARIS,10963887,2021,83350 Km
Hyundai i30,14351769,2023,41814 Km
Chevrolet Sail,$ 3.059.280,2015,No disponible
🔥 Hyundai Tucson IMPECABLE 🔥,$ 7.531.918,2023,40050 Km
Nissan Qashqai,2500000,2011,197805 Km
NISSAN QASHQAI,3464962,2012,204708 Km
NISSAN SENTRA,11702867,2023,51909 Km
Kia Rio,15937366,2023,39270 Km
KIA SORENTO,No disponible,2025,12286 Km
Nissan Kicks,14895955,2021,80395 Km
🔥 Kia Rio IMPECABLE 🔥,$ 6.736.760,2016,137690 Km
Kia Sorento,$ 2.500.000,2011,243.555 kms
KIA SORENTO,2500000,2010,218480 Km
Nissan Kicks,10718825,2018,121824 Km
Suzuki S-Cross,3918320,No disponible,185760 Km
HYUNDAI ACCENT,2500000,2010,261136 Km
Nissan Versa,$ 14.164.691,2024,33814 Km
NISSAN KICKS,5449742,2018,128688 Km
Nissan Kicks,4837804,2013,211471 Km
Chevrolet Onix,2758385,2011,262635 Km
TOYOTA RAV4,2500000,2010,No disponible
Chevrolet Onix,7240062,2016,156.590 kms
CHEVROLET SAIL,$ 12.495.649,2022,48584 Km
Kia Sorento,2864266,2011,269.280 kms
Toyota RAV4,11339392,2020,104202 Km
CHEVROLET ONIX,11082563,2018,100640 Km
Toyota Hilux,$ 6.130.493,2022,No disponible
Nissan Sentra,6193681,2022,51768 Km
Chevrolet Onix,No disponible,2018,No disponible
CHEVROLET SILVERADO,$ 9.499.189,2021,69875 Km
Toyota Yaris,4712858,2013,204.126 kms
Toyota Yaris,No disponible,2014,159936 Km
Suzuki S-Cross,5897777,2016,149440 Km
Kia Sorento,3840883,2011,188640 Km
Hyundai Tucson,5445785,2019,123970 Km
KIA SORENTO,13725158,2024,25850 Km
Toyota RAV4,$ 18.653.008,2024,28.750 kms
🔥 Hyundai Accent IMPECABLE 🔥,No disponible,2018,103.224 kms
Chevrolet Sail,4126356,2013,178815 Km
Hyundai Tucson,$ 10.599.357,2020,88260 Km
Kia Morning,16311580,2024,34436 Km
TOYOTA COROLLA,3091593,2015,191928 Km
Nissan Sentra,No disponible,2018,133112 Km
Hyundai Accent,$ 2.500.000,2010,242800 Km
Hyundai Tucson,2500000,2011,261615 Km
KIA SPORTAGE,No disponible,2012,175238 Km
🔥 Chevrolet Tracker IMPECABLE 🔥,5311184,2016,145330 Km
Hyundai Santa Fe,$ 8.090.015,2018,109688 Km
Nissan Qashqai,13937962,2024,29.912 kms
Toyota Corolla,18059142,2024,26720 Km
🔥 Nissan Qashqai IMPECABLE 🔥,6475740,2016,169300 Km
Kia Sorento,5864003,2016,158810 Km
Chevrolet Tracker,$ 7.706.594,2016,136.900 kms
Toyota Yaris,19761665,2025,16298 Km
Toyota Yaris,4375443,2018,97632 Km
HYUNDAI I30,8926493,2022,71080 Km
Nissan Kicks,14552813,2022,60.040 kms
🔥 Kia Morning IMPECABLE 🔥,8477381,2016,148130 Km
Toyota RAV4,8652470,2024,35738 Km
🔥 Chevrolet Onix IMPECABLE 🔥,$ 2.500.000,2012,205.912 kms
Toyota Yaris,9115145,2021,71.725 kms
Chevrolet Onix,4408778,2013,167.765 kms
Suzuki Baleno,2500000,2010,274832 Km
Kia Sorento,14418535,2022,66748 Km
Suzuki Swift,8198407,2017,No disponible
Suzuki Swift,7300531,2019,105210 Km
Chevrolet Silverado,10404959,2023,41157 Km
🔥 Chevrolet Sail IMPECABLE 🔥,7643893,2024,30016 Km
KIA RIO,7912227,2022,70920 Km
Chevrolet Sail,15234202,2024,29562 Km
Suzuki Baleno,$ 9.686.658,2017,115.938 kms
Hyundai Santa Fe,5869033,2017,146637 Km
SUZUKI S-CROSS,3826491,2014,201.792 kms
Toyota Hilux,11930645,2020,82.134 kms
Kia Sportage,3487490,2017,154.026 kms
Toyota Corolla,$ 10.660.818,2019,121254 Km
Suzuki S-Cross,10870934,2018,115.624 kms
Toyota RAV4,2500000,2011,190185 Km
NISSAN VERSA,No disponible,2011,183645 Km
Toyota Hilux,4100355,2012,210098 Km
Chevrolet Tracker,9252093,2020,98952 Km
Chevrolet Sail,6444959,2015,184239 Km
Hyundai Santa Fe,12093243,2024,28018 Km
🔥 Toyota Yaris IMPECABLE 🔥,7481229,2016,145220 Km
Nissan Sentra,8661761,2019,112455 Km
Suzuki Swift,2500000,2010,193072 Km
Suzuki Grand Vitara,6411257,2019,87500 Km
Hyundai Tucson,6054349,No disponible,120.141 kms
Suzuki Baleno,2500000,2010,238416 Km
Hyundai Santa Fe,2500000,2010,204480 Km
Hyundai Tucson,2500000,2010,268.784 kms
Suzuki Grand Vitara,5711057,2016,172360 Km
Hyundai Tucson,9196682,2022,51964 Km
🔥 Kia Sorento IMPECABLE 🔥,5103852,2014,162024 Km
Nissan Kicks,2500000,2010,219520 Km
Suzuki Grand Vitara,2500000,2011,224010 Km
Nissan Versa,4591492,2012,178262 Km
Hyundai i30,$ 4.542.415,2014,206544 Km
Suzuki Baleno,5001091,2020,102078 Km
Nissan Qashqai,13588283,2024,30898 Km
Suzuki Grand Vitara,No disponible,2024,24302 Km
Nissan Sentra,2500000,2013,202046 Km
HYUNDAI TUCSON,$ 3.918.037,2016,171250 Km
KIA SPORTAGE,10445718,2024,31.284 kms
Chevrolet Silverado,7819721,2021,82.890 kms
Suzuki S-Cross,16163588,2023,47130 Km
Suzuki S-Cross,2500000,2010,258816 Km
